<?xml version="1.0" encoding="UTF-8"?>
<metadata>
  <groupId>org.springframework.cloud</groupId>
  <artifactId>spring-cloud-netflix-dependencies</artifactId>
  <version>1.1.5.BUILD-SNAPSHOT</version>
  <versioning>
    <snapshot>
      <timestamp>20160722.172730</timestamp>
      <buildNumber>103</buildNumber>
    </snapshot>
    <lastUpdated>20160722172731</lastUpdated>
    <snapshotVersions>
      <snapshotVersion>
        <extension>pom.asc</extension>
        <value>1.1.5.BUILD-20160722.172730-103</value>
        <updated>20160722172730</updated>
      </snapshotVersion>
      <snapshotVersion>
        <extension>pom</extension>
        <value>1.1.5.BUILD-20160722.172730-103</value>
        <updated>20160722172730</updated>
      </snapshotVersion>
    </snapshotVersions>
  </versioning>
</metadata>
