<?xml version="1.0" encoding="UTF-8"?>
<metadata>
  <groupId>org.springframework.cloud</groupId>
  <artifactId>spring-cloud-consul-dependencies</artifactId>
  <version>1.0.2.BUILD-SNAPSHOT</version>
  <versioning>
    <snapshot>
      <timestamp>20160630.215122</timestamp>
      <buildNumber>197</buildNumber>
    </snapshot>
    <lastUpdated>20160630215123</lastUpdated>
    <snapshotVersions>
      <snapshotVersion>
        <extension>pom.asc</extension>
        <value>1.0.2.BUILD-20160630.215122-197</value>
        <updated>20160630215122</updated>
      </snapshotVersion>
      <snapshotVersion>
        <extension>pom</extension>
        <value>1.0.2.BUILD-20160630.215122-197</value>
        <updated>20160630215122</updated>
      </snapshotVersion>
    </snapshotVersions>
  </versioning>
</metadata>
