<?xml version="1.0" encoding="UTF-8"?>
<metadata>
  <groupId>org.springframework.cloud</groupId>
  <artifactId>spring-cloud-config-dependencies</artifactId>
  <version>1.1.3.BUILD-SNAPSHOT</version>
  <versioning>
    <snapshot>
      <timestamp>20160726.021109</timestamp>
      <buildNumber>189</buildNumber>
    </snapshot>
    <lastUpdated>20160726021109</lastUpdated>
    <snapshotVersions>
      <snapshotVersion>
        <extension>pom.asc</extension>
        <value>1.1.3.BUILD-20160726.021109-189</value>
        <updated>20160726021109</updated>
      </snapshotVersion>
      <snapshotVersion>
        <extension>pom</extension>
        <value>1.1.3.BUILD-20160726.021109-189</value>
        <updated>20160726021109</updated>
      </snapshotVersion>
    </snapshotVersions>
  </versioning>
</metadata>
