<?xml version="1.0" encoding="UTF-8"?>
<metadata>
  <groupId>org.springframework.cloud</groupId>
  <artifactId>spring-cloud-dependencies</artifactId>
  <version>Brixton.BUILD-SNAPSHOT</version>
  <versioning>
    <snapshot>
      <timestamp>20160711.150327</timestamp>
      <buildNumber>186</buildNumber>
    </snapshot>
    <lastUpdated>20160711150328</lastUpdated>
    <snapshotVersions>
      <snapshotVersion>
        <extension>pom.asc</extension>
        <value>Brixton.BUILD-20160711.150327-186</value>
        <updated>20160711150327</updated>
      </snapshotVersion>
      <snapshotVersion>
        <extension>pom</extension>
        <value>Brixton.BUILD-20160711.150327-186</value>
        <updated>20160711150327</updated>
      </snapshotVersion>
    </snapshotVersions>
  </versioning>
</metadata>
