<?xml version="1.0" encoding="UTF-8"?>
<metadata>
  <groupId>org.springframework.cloud</groupId>
  <artifactId>spring-cloud-cloudfoundry-dependencies</artifactId>
  <version>1.0.1.BUILD-SNAPSHOT</version>
  <versioning>
    <snapshot>
      <timestamp>20160726.005343</timestamp>
      <buildNumber>574</buildNumber>
    </snapshot>
    <lastUpdated>20160726005343</lastUpdated>
    <snapshotVersions>
      <snapshotVersion>
        <extension>pom.asc</extension>
        <value>1.0.1.BUILD-20160726.005343-574</value>
        <updated>20160726005343</updated>
      </snapshotVersion>
      <snapshotVersion>
        <extension>pom</extension>
        <value>1.0.1.BUILD-20160726.005343-574</value>
        <updated>20160726005343</updated>
      </snapshotVersion>
    </snapshotVersions>
  </versioning>
</metadata>
