<?xml version="1.0" encoding="UTF-8"?>
<metadata>
  <groupId>org.springframework.cloud</groupId>
  <artifactId>spring-cloud-config-dependencies</artifactId>
  <version>1.1.2.BUILD-SNAPSHOT</version>
  <versioning>
    <snapshot>
      <timestamp>20160630.125353</timestamp>
      <buildNumber>210</buildNumber>
    </snapshot>
    <lastUpdated>20160630125357</lastUpdated>
    <snapshotVersions>
      <snapshotVersion>
        <extension>pom.asc</extension>
        <value>1.1.2.BUILD-20160630.125353-210</value>
        <updated>20160630125353</updated>
      </snapshotVersion>
      <snapshotVersion>
        <extension>pom</extension>
        <value>1.1.2.BUILD-20160630.125353-210</value>
        <updated>20160630125353</updated>
      </snapshotVersion>
    </snapshotVersions>
  </versioning>
</metadata>
