<?xml version="1.0" encoding="UTF-8"?>
<metadata>
  <groupId>org.springframework.cloud</groupId>
  <artifactId>spring-cloud-context</artifactId>
  <version>1.1.2.BUILD-SNAPSHOT</version>
  <versioning>
    <snapshot>
      <timestamp>20160726.025151</timestamp>
      <buildNumber>385</buildNumber>
    </snapshot>
    <lastUpdated>20160726025154</lastUpdated>
    <snapshotVersions>
      <snapshotVersion>
        <extension>pom.asc</extension>
        <value>1.1.2.BUILD-20160726.025151-385</value>
        <updated>20160726025151</updated>
      </snapshotVersion>
      <snapshotVersion>
        <classifier>javadoc</classifier>
        <extension>jar</extension>
        <value>1.1.2.BUILD-20160726.025151-385</value>
        <updated>20160726025151</updated>
      </snapshotVersion>
      <snapshotVersion>
        <classifier>sources</classifier>
        <extension>jar</extension>
        <value>1.1.2.BUILD-20160726.025151-385</value>
        <updated>20160726025151</updated>
      </snapshotVersion>
      <snapshotVersion>
        <extension>jar</extension>
        <value>1.1.2.BUILD-20160726.025151-385</value>
        <updated>20160726025151</updated>
      </snapshotVersion>
      <snapshotVersion>
        <extension>jar.asc</extension>
        <value>1.1.2.BUILD-20160726.025151-385</value>
        <updated>20160726025151</updated>
      </snapshotVersion>
      <snapshotVersion>
        <classifier>javadoc</classifier>
        <extension>jar.asc</extension>
        <value>1.1.2.BUILD-20160726.025151-385</value>
        <updated>20160726025151</updated>
      </snapshotVersion>
      <snapshotVersion>
        <extension>pom</extension>
        <value>1.1.2.BUILD-20160726.025151-385</value>
        <updated>20160726025151</updated>
      </snapshotVersion>
      <snapshotVersion>
        <classifier>sources</classifier>
        <extension>jar.asc</extension>
        <value>1.1.2.BUILD-20160726.025151-385</value>
        <updated>20160726025151</updated>
      </snapshotVersion>
    </snapshotVersions>
  </versioning>
</metadata>
