<?xml version="1.0" encoding="UTF-8"?>
<metadata>
  <groupId>org.springframework.cloud</groupId>
  <artifactId>spring-cloud-stream-dependencies</artifactId>
  <version>1.0.3.BUILD-SNAPSHOT</version>
  <versioning>
    <snapshot>
      <timestamp>20160718.221710</timestamp>
      <buildNumber>5</buildNumber>
    </snapshot>
    <lastUpdated>20160718222240</lastUpdated>
    <snapshotVersions>
      <snapshotVersion>
        <extension>pom.asc</extension>
        <value>1.0.3.BUILD-20160718.221710-5</value>
        <updated>20160718221710</updated>
      </snapshotVersion>
      <snapshotVersion>
        <extension>pom</extension>
        <value>1.0.3.BUILD-20160718.221710-5</value>
        <updated>20160718221710</updated>
      </snapshotVersion>
    </snapshotVersions>
  </versioning>
</metadata>
