<?xml version="1.0" encoding="UTF-8"?>
<metadata>
  <groupId>org.springframework.cloud</groupId>
  <artifactId>spring-cloud-netflix-dependencies</artifactId>
  <version>1.1.2.BUILD-SNAPSHOT</version>
  <versioning>
    <snapshot>
      <timestamp>20160609.164814</timestamp>
      <buildNumber>42</buildNumber>
    </snapshot>
    <lastUpdated>20160609164814</lastUpdated>
    <snapshotVersions>
      <snapshotVersion>
        <extension>pom.asc</extension>
        <value>1.1.2.BUILD-20160609.164814-42</value>
        <updated>20160609164814</updated>
      </snapshotVersion>
      <snapshotVersion>
        <extension>pom</extension>
        <value>1.1.2.BUILD-20160609.164814-42</value>
        <updated>20160609164814</updated>
      </snapshotVersion>
    </snapshotVersions>
  </versioning>
</metadata>
