<?xml version="1.0" encoding="UTF-8"?>
<metadata>
  <groupId>org.springframework.cloud</groupId>
  <artifactId>spring-cloud-bus-dependencies</artifactId>
  <version>1.1.1.BUILD-SNAPSHOT</version>
  <versioning>
    <snapshot>
      <timestamp>20160726.014545</timestamp>
      <buildNumber>576</buildNumber>
    </snapshot>
    <lastUpdated>20160726014545</lastUpdated>
    <snapshotVersions>
      <snapshotVersion>
        <extension>pom.asc</extension>
        <value>1.1.1.BUILD-20160726.014545-576</value>
        <updated>20160726014545</updated>
      </snapshotVersion>
      <snapshotVersion>
        <extension>pom</extension>
        <value>1.1.1.BUILD-20160726.014545-576</value>
        <updated>20160726014545</updated>
      </snapshotVersion>
    </snapshotVersions>
  </versioning>
</metadata>
