<?xml version="1.0" encoding="UTF-8"?>
<metadata>
  <groupId>org.springframework.cloud</groupId>
  <artifactId>spring-cloud-build</artifactId>
  <version>1.1.2.BUILD-SNAPSHOT</version>
  <versioning>
    <snapshot>
      <timestamp>20160701.121818</timestamp>
      <buildNumber>397</buildNumber>
    </snapshot>
    <lastUpdated>20160701121822</lastUpdated>
    <snapshotVersions>
      <snapshotVersion>
        <extension>pom.asc</extension>
        <value>1.1.2.BUILD-20160701.121818-397</value>
        <updated>20160701121818</updated>
      </snapshotVersion>
      <snapshotVersion>
        <extension>pom</extension>
        <value>1.1.2.BUILD-20160701.121818-397</value>
        <updated>20160701121818</updated>
      </snapshotVersion>
    </snapshotVersions>
  </versioning>
</metadata>
