<?xml version="1.0" encoding="UTF-8"?>
<metadata>
  <groupId>org.springframework.cloud</groupId>
  <artifactId>spring-cloud-dependencies-parent</artifactId>
  <version>1.1.1.BUILD-SNAPSHOT</version>
  <versioning>
    <snapshot>
      <timestamp>20160510.072111</timestamp>
      <buildNumber>12</buildNumber>
    </snapshot>
    <lastUpdated>20160510072112</lastUpdated>
    <snapshotVersions>
      <snapshotVersion>
        <extension>pom.asc</extension>
        <value>1.1.1.BUILD-20160510.072111-12</value>
        <updated>20160510072111</updated>
      </snapshotVersion>
      <snapshotVersion>
        <extension>pom</extension>
        <value>1.1.1.BUILD-20160510.072111-12</value>
        <updated>20160510072111</updated>
      </snapshotVersion>
    </snapshotVersions>
  </versioning>
</metadata>
