<?xml version="1.0" encoding="UTF-8"?>
<metadata>
  <groupId>org.springframework.cloud</groupId>
  <artifactId>spring-cloud-cluster-dependencies</artifactId>
  <version>1.0.1.BUILD-SNAPSHOT</version>
  <versioning>
    <snapshot>
      <timestamp>20160711.134743</timestamp>
      <buildNumber>11</buildNumber>
    </snapshot>
    <lastUpdated>20160711134743</lastUpdated>
    <snapshotVersions>
      <snapshotVersion>
        <extension>pom.asc</extension>
        <value>1.0.1.BUILD-20160711.134743-11</value>
        <updated>20160711134743</updated>
      </snapshotVersion>
      <snapshotVersion>
        <extension>pom</extension>
        <value>1.0.1.BUILD-20160711.134743-11</value>
        <updated>20160711134743</updated>
      </snapshotVersion>
    </snapshotVersions>
  </versioning>
</metadata>
