<?xml version="1.0" encoding="UTF-8"?>
<metadata>
  <groupId>org.springframework.cloud</groupId>
  <artifactId>spring-cloud-sleuth-dependencies</artifactId>
  <version>1.0.4.BUILD-SNAPSHOT</version>
  <versioning>
    <snapshot>
      <timestamp>20160725.092307</timestamp>
      <buildNumber>137</buildNumber>
    </snapshot>
    <lastUpdated>20160725092307</lastUpdated>
    <snapshotVersions>
      <snapshotVersion>
        <extension>pom.asc</extension>
        <value>1.0.4.BUILD-20160725.092307-137</value>
        <updated>20160725092307</updated>
      </snapshotVersion>
      <snapshotVersion>
        <extension>pom</extension>
        <value>1.0.4.BUILD-20160725.092307-137</value>
        <updated>20160725092307</updated>
      </snapshotVersion>
    </snapshotVersions>
  </versioning>
</metadata>
