<?xml version="1.0" encoding="UTF-8"?>
<metadata>
  <groupId>org.springframework.cloud</groupId>
  <artifactId>spring-cloud-commons-dependencies</artifactId>
  <version>1.1.1.BUILD-SNAPSHOT</version>
  <versioning>
    <snapshot>
      <timestamp>20160606.214632</timestamp>
      <buildNumber>211</buildNumber>
    </snapshot>
    <lastUpdated>20160606214633</lastUpdated>
    <snapshotVersions>
      <snapshotVersion>
        <extension>pom.asc</extension>
        <value>1.1.1.BUILD-20160606.214632-211</value>
        <updated>20160606214632</updated>
      </snapshotVersion>
      <snapshotVersion>
        <extension>pom</extension>
        <value>1.1.1.BUILD-20160606.214632-211</value>
        <updated>20160606214632</updated>
      </snapshotVersion>
    </snapshotVersions>
  </versioning>
</metadata>
