<?xml version="1.0" encoding="UTF-8"?>
<metadata>
  <groupId>org.springframework.cloud</groupId>
  <artifactId>spring-cloud-netflix-dependencies</artifactId>
  <version>1.1.4.BUILD-SNAPSHOT</version>
  <versioning>
    <snapshot>
      <timestamp>20160708.122405</timestamp>
      <buildNumber>62</buildNumber>
    </snapshot>
    <lastUpdated>20160708122406</lastUpdated>
    <snapshotVersions>
      <snapshotVersion>
        <extension>pom.asc</extension>
        <value>1.1.4.BUILD-20160708.122405-62</value>
        <updated>20160708122405</updated>
      </snapshotVersion>
      <snapshotVersion>
        <extension>pom</extension>
        <value>1.1.4.BUILD-20160708.122405-62</value>
        <updated>20160708122405</updated>
      </snapshotVersion>
    </snapshotVersions>
  </versioning>
</metadata>
