<?xml version="1.0" encoding="UTF-8"?>
<metadata>
  <groupId>org.springframework.cloud</groupId>
  <artifactId>spring-cloud-task-dependencies</artifactId>
  <version>1.0.2.BUILD-SNAPSHOT</version>
  <versioning>
    <snapshot>
      <timestamp>20160726.024551</timestamp>
      <buildNumber>6</buildNumber>
    </snapshot>
    <lastUpdated>20160726025740</lastUpdated>
    <snapshotVersions>
      <snapshotVersion>
        <extension>pom.asc</extension>
        <value>1.0.2.BUILD-20160726.024551-6</value>
        <updated>20160726024551</updated>
      </snapshotVersion>
      <snapshotVersion>
        <extension>pom</extension>
        <value>1.0.2.BUILD-20160726.024551-6</value>
        <updated>20160726024551</updated>
      </snapshotVersion>
    </snapshotVersions>
  </versioning>
</metadata>
