<?xml version="1.0" encoding="UTF-8"?>
<metadata>
  <groupId>org.springframework.cloud</groupId>
  <artifactId>spring-cloud-aws-dependencies</artifactId>
  <version>1.1.1.BUILD-SNAPSHOT</version>
  <versioning>
    <snapshot>
      <timestamp>20160726.010308</timestamp>
      <buildNumber>608</buildNumber>
    </snapshot>
    <lastUpdated>20160726010308</lastUpdated>
    <snapshotVersions>
      <snapshotVersion>
        <extension>pom.asc</extension>
        <value>1.1.1.BUILD-20160726.010308-608</value>
        <updated>20160726010308</updated>
      </snapshotVersion>
      <snapshotVersion>
        <extension>pom</extension>
        <value>1.1.1.BUILD-20160726.010308-608</value>
        <updated>20160726010308</updated>
      </snapshotVersion>
    </snapshotVersions>
  </versioning>
</metadata>
