<?xml version="1.0" encoding="UTF-8"?>
<metadata>
  <groupId>org.springframework.cloud</groupId>
  <artifactId>spring-cloud-stream-dependencies</artifactId>
  <version>1.0.2.BUILD-SNAPSHOT</version>
  <versioning>
    <snapshot>
      <timestamp>20160608.152707</timestamp>
      <buildNumber>3</buildNumber>
    </snapshot>
    <lastUpdated>20160608154007</lastUpdated>
    <snapshotVersions>
      <snapshotVersion>
        <extension>pom.asc</extension>
        <value>1.0.2.BUILD-20160608.152707-3</value>
        <updated>20160608152707</updated>
      </snapshotVersion>
      <snapshotVersion>
        <extension>pom</extension>
        <value>1.0.2.BUILD-20160608.152707-3</value>
        <updated>20160608152707</updated>
      </snapshotVersion>
    </snapshotVersions>
  </versioning>
</metadata>
