<?xml version="1.0" encoding="UTF-8"?>
<metadata>
  <groupId>org.springframework.cloud</groupId>
  <artifactId>spring-cloud-starter-zookeeper-config</artifactId>
  <version>1.0.2.BUILD-SNAPSHOT</version>
  <versioning>
    <snapshot>
      <timestamp>20160630.184735</timestamp>
      <buildNumber>197</buildNumber>
    </snapshot>
    <lastUpdated>20160630184737</lastUpdated>
    <snapshotVersions>
      <snapshotVersion>
        <extension>pom.asc</extension>
        <value>1.0.2.BUILD-20160630.184735-197</value>
        <updated>20160630184735</updated>
      </snapshotVersion>
      <snapshotVersion>
        <classifier>sources</classifier>
        <extension>jar</extension>
        <value>1.0.2.BUILD-20160630.184735-197</value>
        <updated>20160630184735</updated>
      </snapshotVersion>
      <snapshotVersion>
        <extension>jar</extension>
        <value>1.0.2.BUILD-20160630.184735-197</value>
        <updated>20160630184735</updated>
      </snapshotVersion>
      <snapshotVersion>
        <extension>jar.asc</extension>
        <value>1.0.2.BUILD-20160630.184735-197</value>
        <updated>20160630184735</updated>
      </snapshotVersion>
      <snapshotVersion>
        <extension>pom</extension>
        <value>1.0.2.BUILD-20160630.184735-197</value>
        <updated>20160630184735</updated>
      </snapshotVersion>
      <snapshotVersion>
        <classifier>sources</classifier>
        <extension>jar.asc</extension>
        <value>1.0.2.BUILD-20160630.184735-197</value>
        <updated>20160630184735</updated>
      </snapshotVersion>
    </snapshotVersions>
  </versioning>
</metadata>
