<?xml version="1.0" encoding="UTF-8"?>
<metadata>
  <groupId>org.springframework.cloud</groupId>
  <artifactId>spring-cloud-stream-dependencies</artifactId>
  <version>1.0.1.BUILD-SNAPSHOT</version>
  <versioning>
    <snapshot>
      <timestamp>20160602.222633</timestamp>
      <buildNumber>13</buildNumber>
    </snapshot>
    <lastUpdated>20160602223132</lastUpdated>
    <snapshotVersions>
      <snapshotVersion>
        <extension>pom.asc</extension>
        <value>1.0.1.BUILD-20160602.222633-13</value>
        <updated>20160602222633</updated>
      </snapshotVersion>
      <snapshotVersion>
        <extension>pom</extension>
        <value>1.0.1.BUILD-20160602.222633-13</value>
        <updated>20160602222633</updated>
      </snapshotVersion>
    </snapshotVersions>
  </versioning>
</metadata>
