<?xml version="1.0" encoding="UTF-8"?>
<metadata>
  <groupId>org.springframework.cloud</groupId>
  <artifactId>spring-cloud-commons-parent</artifactId>
  <version>1.1.2.BUILD-SNAPSHOT</version>
  <versioning>
    <snapshot>
      <timestamp>20160726.025041</timestamp>
      <buildNumber>385</buildNumber>
    </snapshot>
    <lastUpdated>20160726025041</lastUpdated>
    <snapshotVersions>
      <snapshotVersion>
        <extension>pom.asc</extension>
        <value>1.1.2.BUILD-20160726.025041-385</value>
        <updated>20160726025041</updated>
      </snapshotVersion>
      <snapshotVersion>
        <extension>pom</extension>
        <value>1.1.2.BUILD-20160726.025041-385</value>
        <updated>20160726025041</updated>
      </snapshotVersion>
    </snapshotVersions>
  </versioning>
</metadata>
