<?xml version="1.0" encoding="UTF-8"?>
<metadata>
  <groupId>org.springframework.cloud</groupId>
  <artifactId>spring-cloud-zookeeper</artifactId>
  <version>1.0.2.BUILD-SNAPSHOT</version>
  <versioning>
    <snapshot>
      <timestamp>20160630.184608</timestamp>
      <buildNumber>197</buildNumber>
    </snapshot>
    <lastUpdated>20160630184609</lastUpdated>
    <snapshotVersions>
      <snapshotVersion>
        <extension>pom.asc</extension>
        <value>1.0.2.BUILD-20160630.184608-197</value>
        <updated>20160630184608</updated>
      </snapshotVersion>
      <snapshotVersion>
        <extension>pom</extension>
        <value>1.0.2.BUILD-20160630.184608-197</value>
        <updated>20160630184608</updated>
      </snapshotVersion>
    </snapshotVersions>
  </versioning>
</metadata>
